{
	"berths": [503, 620, 807, 620, 700, 205, 255, 700, 700, 700, 700, 700, 200, 460],
	"proportions": {
		"cl1": 0.097849934,
		"cl2": 0.148310663,
		"cl3": 0.146116718,
		"cl4": 0.175515577,
		"cl5": 0.154892497,
		"cl6": 0.231680562,
		"cl7": 0.045634050
	},
	"cl1": {
		"rj": {
			"set": [
				{
					"lambda": 0.124222,
					"mu": 0.749870,
					"sigma": 0.576531
				},
				{
					"lambda": 0.396924,
					"mu": 6.777573,
					"sigma": 0.795559
				},
				{
					"lambda": 0.0779434,
					"mu": 10.6851822,
					"sigma": 1.9919284
				},
				{
					"lambda": 0.388101,
					"mu": 19.971305,
					"sigma": 7.840316
				},
				{
					"lambda": 0.0128098,
					"mu": 124.2895636,
					"sigma": 96.2371157
				}
			]
		},
		"Lj": {
			"set": [118, 125, 129, 132, 133, 134, 137, 138, 140]
		},
		"pj": {
			"distribution": "lnorm",
			"mean": -2.4466108,
			"sd": 0.6849413
		}
	},
	"cl2": {
		"rj": {
			"set": [
				{
					"lambda": 0.115082,
					"mu": 4.630142,
					"sigma": 0.834263
				},
				{
					"lambda": 0.173952,
					"mu": 15.591492,
					"sigma": 2.014503
				},
				{
					"lambda": 0.0685448,
					"mu": 21.0844046,
					"sigma": 1.0549842
				},
				{
					"lambda": 0.220111,
					"mu": 36.857491,
					"sigma": 22.469178
				},
				{
					"lambda": 0.392754,
					"mu": 42.027707,
					"sigma": 0.739173
				},
				{
					"lambda": 0.0295568,
					"mu": 201.0784253,
					"sigma": 89.3192707
				}
			]
		},
		"Lj": {
			"set": [149, 151, 161, 167, 170, 171, 177, 178, 181, 184, 187, 188, 190, 194, 195, 197, 199, 202, 203, 204, 205, 207, 208, 210]
		},
		"pj": {
			"distribution": "lnorm",
			"mean": -2.5382265,
			"sd": 0.5432081
		}
	},
	"cl3": {
		"rj": {
			"set": [
				{
					"lambda": 0.115839,
					"mu": 9.985690,
					"sigma": 5.457065
				},
				{
					"lambda": 0.218089,
					"mu": 28.169404,
					"sigma": 1.153181
				},
				{
					"lambda": 0.0586781,
					"mu": 35.3095437,
					"sigma": 1.1457613
				},
				{
					"lambda": 0.151758,
					"mu": 41.945257,
					"sigma": 0.734919
				},
				{
					"lambda": 0.211008,
					"mu": 50.411900,
					"sigma": 6.449698
				},
				{
					"lambda": 0.121032,
					"mu": 56.008561,
					"sigma": 1.097590
				},
				{
					"lambda": 0.123596,
					"mu": 94.854323,
					"sigma": 14.154304
				}
			]
		},
		"Lj": {
			"set": [212, 216, 220, 221, 222, 225, 228, 230, 237, 239, 242, 243, 244, 245]
		},
		"pj": {
			"distribution": "lnorm",
			"mean": -2.6116072,
			"sd": 0.4608459
		}
	},
	"cl4": {
		"rj": {
			"set": [
				{
					"lambda": 0.0134342,
					"mu": 165.2617990,
					"sigma": 27.9709465
				},
				{
					"lambda": 0.168157,
					"mu": 28.120148,
					"sigma": 0.623899
				},
				{
					"lambda": 0.0481936,
					"mu": 13.7000966,
					"sigma": 0.8209801
				},
				{
					"lambda": 0.135797,
					"mu": 35.000968,
					"sigma": 0.545251
				},
				{
					"lambda": 0.0655443,
					"mu": 55.8893818,
					"sigma": 0.6071941
				},
				{
					"lambda": 0.107792,
					"mu": 41.974904,
					"sigma": 0.540895
				},
				{
					"lambda": 0.097678,
					"mu": 49.028886,
					"sigma": 0.705297
				},
				{
					"lambda": 0.14775,
					"mu": 94.55545,
					"sigma": 7.24144
				},
				{
					"lambda": 0.215654,
					"mu": 35.933575,
					"sigma": 15.464197
				}
			]
		},
		"Lj": {
			"set": [246, 255, 257, 258, 259, 260, 261, 262, 264, 265, 267, 268, 270, 273, 274, 275, 276, 277]
		},
		"pj": {
			"distribution": "logis",
			"location": 0.05769683,
			"scale": 0.01408215
		}
	},
	"cl5": {
		"rj": {
			"set": [
				{
					"lambda": 0.124627,
					"mu": 25.754518,
					"sigma": 13.825758
				},
				{
					"lambda": 0.161862,
					"mu": 27.400400,
					"sigma": 0.573887
				},
				{
					"lambda": 0.0374913,
					"mu": 35.2899463,
					"sigma": 0.7770470
				},
				{
					"lambda": 0.0676852,
					"mu": 29.1895331,
					"sigma": 0.5281803
				},
				{
					"lambda": 0.125613,
					"mu": 41.874111,
					"sigma": 0.842421
				},
				{
					"lambda": 0.0562821,
					"mu": 60.0686375,
					"sigma": 4.6312964
				},
				{
					"lambda": 0.288875,
					"mu": 56.065868,
					"sigma": 0.853377
				},
				{
					"lambda": 0.0727429,
					"mu": 93.4936062,
					"sigma": 8.3978747
				},
				{
					"lambda": 0.0648215,
					"mu": 141.9286686,
					"sigma": 54.5030236
				}
			]
		},
		"Lj": {
			"set": [278, 279, 281, 282, 284, 285, 286, 291, 292, 293, 294, 299, 300]
		},
		"pj": {
			"distribution": "lnorm",
			"mean": -2.944952,
			"sd": 0.424198
		}
	},
	"cl6": {
		"rj": {
			"set": [
				{
					"lambda": 0.0211811,
					"mu": 20.8628739,
					"sigma": 14.9484310
				},
				{
					"lambda": 0.11511,
					"mu": 13.25693,
					"sigma": 1.17489
				},
				{
					"lambda": 0.0965269,
					"mu": 34.9278217,
					"sigma": 0.6938788
				},
				{
					"lambda": 0.109312,
					"mu": 49.048351,
					"sigma": 0.594033
				},
				{
					"lambda": 0.00989395,
					"mu": 51.98588808,
					"sigma": 1.30639375
				},
				{
					"lambda": 0.185088,
					"mu": 55.903217,
					"sigma": 0.673887
				},
				{
					"lambda": 0.0209157,
					"mu": 59.0201454,
					"sigma": 2.1258251
				},
				{
					"lambda": 0.0952704,
					"mu": 72.2149828,
					"sigma": 2.0886342
				},
				{
					"lambda": 0.179640,
					"mu": 76.997391,
					"sigma": 0.597853
				},
				{
					"lambda": 0.0622029,
					"mu": 86.3242554,
					"sigma": 4.2561774
				},
				{
					"lambda": 0.0993316,
					"mu": 112.6585985,
					"sigma": 6.6403476
				},
				{
					"lambda": 0.00552756,
					"mu": 187.97000,
					"sigma": 17.05050
				}
			]
		},
		"Lj": {
			"set": [303, 304, 305, 316, 318, 323, 324, 331, 332, 333, 334, 335, 336, 337, 338, 349, 363, 364, 365, 366, 368]
		},
		"pj": {
			"distribution": "lnorm",
			"mean": -2.7595812,
			"sd": 0.4414468
		}
	},
	"cl7": {
		"rj": {
			"set": [
				{
					"lambda": 0.0757576,
					"mu": 11.0000000,
					"sigma": 2.9664794
				},
				{
					"lambda": 0.060862,
					"mu": 151.103180,
					"sigma": 7.360843
				},
				{
					"lambda": 0.0950429,
					"mu": 75.6737954,
					"sigma": 1.1343945
				},
				{
					"lambda": 0.234330,
					"mu": 77.622862,
					"sigma": 0.784283
				},
				{
					"lambda": 0.079102,
					"mu": 71.371744,
					"sigma": 1.508740
				},
				{
					"lambda": 0.233144,
					"mu": 84.962241,
					"sigma": 1.965369
				},
				{
					"lambda": 0.0445578,
					"mu": 92.3576706,
					"sigma": 0.9370565
				},
				{
					"lambda": 0.071399,
					"mu": 88.541341,
					"sigma": 0.517772
				},
				{
					"lambda": 0.0606061,
					"mu": 108.9999923,
					"sigma": 3.0822219
				},
				{
					"lambda": 0.0451986,
					"mu": 178.0139391,
					"sigma": 4.5730556
				}
			]
		},
		"Lj": {
			"set": [395, 396, 397, 398, 399]
		},
		"pj": {
			"distribution": "lnorm",
			"mean": -2.5912369,
			"sd": 0.3032957
		}
	}
}